No,Date,Time,Distance  [m],T (Surf),T( 2m),T (Sky),WS (N),WS (S),WS(E)Ê,WS(W)
1,10-Nov,11:43,0,10.2,9.8,-10,1.3,1.1,0,0.5
2,10-Nov,11:50,0,11.7,11.1,-11,0,1.4,0.5,0.5
3,10-Nov,11:54,0,11,10.6,-9.9,0.8,1.1,1.2,0.5
4,10-Nov,11:58,0,10.6,10.2,-5.3,0.8,1.2,0.5,0.6
5,10-Nov,12:01,0,11.5,11.3,-5.1,1.2,1.3,0,0.6
6,10-Nov,12:04,0,11.3,11.1,-4.3,0,0,0.7,2.2
7,10-Nov,12:07,0,12.2,11.3,-2.1,1.3,0.8,0,1.3
8,10-Nov,12:10,0,11,10.4,-5.2,1.3,1.2,0.9,0.6
9,10-Nov,12:13,0,10.4,10.8,-6.9,0,1,0,0
10,10-Nov,12:16,0,11.5,11.1,-3.5,0,1.3,0,1
11,10-Nov,11:43,30,9.2,8.3,-9.5,2.7,0.6,1,1.8
12,10-Nov,11:51,30,7.7,7.3,-16,1.3,1,0.9,1.6
13,10-Nov,11:54,30,7.1,6.9,-13,1.7,1.2,1.2,0.8
14,10-Nov,11:58,30,9,8.6,-7.6,1.1,0.6,0.2,1.4
15,10-Nov,12:01,30,8.5,7.9,-5.2,1.2,1.2,1,0.8
16,10-Nov,12:04,30,8.5,8.1,-9.2,0.8,1.3,0,0.5
17,10-Nov,12:07,30,8.3,7.9,-4.6,2.1,1.5,1.4,1.9
18,10-Nov,12:10,30,7.7,7.9,-7.4,1.5,2.4,1.3,1
19,10-Nov,12:13,30,7.9,7.9,-8.5,3,1.7,2.2,1.1
20,10-Nov,12:16,30,8.6,8.5,-9.7,0,0.8,0.5,1.3
21,10-Nov,11:43,60,8.8,9.2,-7.4,1.5,0.8,1.1,3.7
22,10-Nov,11:50,60,11.7,11.3,-13,1.6,2,1.3,1.7
23,10-Nov,11:54,60,10.8,10,-9.4,1.9,2.3,1.3,0.7
24,10-Nov,11:58,60,10.6,10,-6.4,1.5,2.4,1.4,1.1
25,10-Nov,12:01,60,10.6,9.6,-4,1.3,1.1,1.1,1
26,10-Nov,12:04,60,10.6,10.2,-3.8,0.8,1.7,1.1,1.4
27,10-Nov,12:07,60,11.3,10.6,-1.1,2.7,1.3,2.2,0.5
28,10-Nov,12:10,60,11.5,11.1,-2.7,1.6,1.8,1.6,1.3
29,10-Nov,12:13,60,11.7,11.3,-5.5,0.8,1.8,1.1,1.2
30,10-Nov,12:16,60,11.5,10.8,-8.8,1.6,0.6,1.3,1.6
31,10-Nov,11:43,90,9.4,8.5,-3.1,1.7,1.4,0,0
32,10-Nov,11:50,90,10.6,10.2,-11,1.9,1.7,2.5,2.6
33,10-Nov,11:54,90,10.2,10,-9,1.1,1.4,0,1.2
34,10-Nov,11:58,90,10,10.2,-4.2,2.1,1.6,1.1,1.2
35,10-Nov,12:01,90,10.8,10,-6,1,1.2,1.2,0
36,10-Nov,12:04,90,11,10,-6.2,1.6,0,0,1.2
37,10-Nov,12:07,90,9.8,9.8,-1.3,2.6,2.6,1.7,1.7
38,10-Nov,12:10,90,9.6,9,-5.1,2,2,0.5,0.8
39,10-Nov,12:13,90,9.6,9.4,-6.9,1.1,1.1,1.5,1.4
40,10-Nov,12:16,90,10,9.8,-9,1.6,1.8,0,2
41,10-Nov,11:43,120,11.3,10.2,-4.4,2.4,3,1.8,2
42,10-Nov,11:50,120,10.6,10.2,-11,1.6,1.4,1.4,2.3
43,10-Nov,11:54,120,10.8,10.8,-9.4,2.3,1.7,1.1,1.6
44,10-Nov,11:58,120,11.3,11.1,-5,2.4,2,0.9,1.3
45,10-Nov,12:01,120,10.6,10.2,-1.6,1.9,1.8,0.6,1.1
46,10-Nov,12:04,120,10.4,9.8,-7.4,2.6,2.2,2.4,1.3
47,10-Nov,12:07,120,10.6,10.4,0.8,2.6,3.5,3.8,2.2
48,10-Nov,12:10,120,9.8,9.8,-2.3,2.4,2.8,2.6,1.8
49,10-Nov,12:13,120,10.8,10.4,-4.7,3.2,2.8,1.6,2.4
50,10-Nov,12:16,120,10.2,10.4,-8.3,2.5,3.9,2.4,2.8
51,10-Nov,11:43,150,10.8,11.3,-9.5,4,2.7,1.1,1
52,10-Nov,11:50,150,10.4,11.5,-12,1.3,2.5,0,0.5
53,10-Nov,11:54,150,10,10.2,-10,2,2.2,1,0.5
54,10-Nov,11:58,150,10.4,11.8,-5.9,2.3,2,0,1.8
55,10-Nov,12:01,150,12.6,11.8,-1.9,2.7,2.8,0.6,0.8
56,10-Nov,12:04,150,10,11.3,-3.9,2,0.8,0.8,0.1
57,10-Nov,12:07,150,12,12.2,0.8,2,2.3,1.3,1.8
58,10-Nov,12:10,150,10.4,10.8,-2.5,2.5,2.3,1.2,1.2
59,10-Nov,12:13,150,11.1,11.3,-5.1,2.8,1.9,0.8,1.9
60,10-Nov,12:16,150,10.2,11.7,-8.3,0,3,0.9,1.2
61,10-Nov,11:43,180,9.4,9.2,-6.7,1,1.3,0,0
62,10-Nov,11:50,180,10,10.4,-11,1.5,1,0,1
63,10-Nov,11:54,180,9.4,9.6,-8.1,2,2.7,0,1.4
64,10-Nov,11:58,180,9.6,9.8,-6.5,2.7,2.4,0,0
65,10-Nov,12:01,180,11,10.4,0.8,2.4,2.1,1.3,0.5
66,10-Nov,12:04,180,9.8,10,-6,2,2,0,2
67,10-Nov,12:07,180,9.6,10.2,-1.1,2,1,0,2
68,10-Nov,12:10,180,8.6,9.2,-4.6,2.3,2.3,1.7,1.7
69,10-Nov,12:13,180,9.8,10,-5.8,3.4,2.9,1.3,2
70,10-Nov,12:16,180,9.4,9.8,-9,2,2.4,1,1.6
71,10-Nov,11:43,210,8.3,8.8,-9.5,2.4,2,1.3,0.5
72,10-Nov,11:50,210,9,8.8,-6,3.5,2.5,1,1.6
73,10-Nov,11:54,210,10,10.2,-7.2,3.2,2,1,2.2
74,10-Nov,11:58,210,9.1,9.4,0.5,1.6,1.6,0.8,0.6
75,10-Nov,12:01,210,9.2,9.8,-6.7,1.5,2.9,1.8,1.8
76,10-Nov,12:04,210,9.6,9.4,-4.5,2.9,3.9,2.2,1.2
77,10-Nov,12:07,210,9.6,10.2,-1.6,1.8,1.6,1.2,1.5
78,10-Nov,12:10,210,9,9.6,-3.4,2,2.8,1.8,1.8
79,10-Nov,12:13,210,9.4,9.8,-6.5,2.4,2.8,1.8,2.6
80,10-Nov,12:16,210,10.6,10.4,-8.5,2.8,0.8,1.9,0.9
81,10-Nov,11:43,240,9,8.3,-9.4,2.5,2.1,1,1.2
82,10-Nov,11:50,240,8.6,9.2,-13,2.4,1.7,0.9,0.5
83,10-Nov,11:54,240,9.6,10.2,-10,2.8,2.6,0.8,1.5
84,10-Nov,11:58,240,12.2,11,-6,3.3,3,0,0.5
85,10-Nov,12:01,240,11.3,11.3,-1.8,1.4,3.5,2.3,1.4
86,10-Nov,12:04,240,10.8,10.4,-9.5,2.5,2.9,1.5,1.1
87,10-Nov,12:07,240,11,10.6,-0.2,1.6,1.9,1,1.1
88,10-Nov,12:10,240,10.4,10,-2.8,3.3,2.9,1,1.3
89,10-Nov,12:13,240,11,12.2,-5.5,2,3.1,1.2,1.7
90,10-Nov,12:16,240,11.5,12.2,-8.5,1.7,1.8,1,1.1
91,10-Nov,11:43,270,8.8,9.2,-7.4,2,2,1.2,1.9
92,10-Nov,11:50,270,9,10.4,-12,0.8,1.5,1,1.1
93,10-Nov,11:54,270,8.6,9.6,-9,1.2,2.3,1.6,1.8
94,10-Nov,11:58,270,10.2,9.8,-5.5,1.2,2,0.9,1.4
95,10-Nov,12:01,270,9,10,-1.6,1,2,1.4,1
96,10-Nov,12:04,270,9.6,10.2,-5.8,1.3,2.5,1.2,2.7
97,10-Nov,12:07,270,8.9,9,-3,1.1,3.3,0.8,1.4
98,10-Nov,12:10,270,8.8,9.4,-3.7,0.7,2.4,0.1,1.5
99,10-Nov,12:13,270,9.6,9.6,-6.9,0.8,1.3,2.2,2
100,10-Nov,12:16,270,10.2,10.2,-7.9,1.8,1.2,1,0.8
101,10-Nov,11:43,300,10.2,10.2,-9.4,9.3,7.1,9.1,9.1
102,10-Nov,11:50,300,11.1,11.1,-6.9,10.8,6.3,5.2,7.3
103,10-Nov,11:54,300,12.2,11.3,-2.6,6.7,12.3,7.5,8.6
104,10-Nov,11:58,300,11,10.6,-6.7,9.3,9.3,9.3,11
105,10-Nov,12:01,300,10,9.6,-0.6,6.1,5.2,4.5,7
106,10-Nov,12:04,300,11.7,11.3,-6.7,10.1,8.4,7.7,11.4
107,10-Nov,12:07,300,12,11.1,-1.2,7.7,3.5,5.2,4
108,10-Nov,12:10,300,12.6,11.1,-4.1,10.7,5.2,8.9,12.3
109,10-Nov,12:13,300,11.9,11.1,-6.2,8.3,9.6,10,13.1
110,10-Nov,12:16,300,13.1,11.9,-8.1,7.2,7,8.2,8
111,10-Nov,11:43,330,8.6,8.5,-9.4,2,3,1.5,2.5
112,10-Nov,11:50,330,10.2,9.4,-9.2,1,1,1,1
113,10-Nov,11:54,330,8.5,8.1,-11,2.5,2.5,2,2.5
114,10-Nov,11:58,330,7.9,8.3,-12,3,2,2.6,2
115,10-Nov,12:01,330,8.9,8.1,-5.8,1.5,1.5,2,2
116,10-Nov,12:04,330,7.9,8.5,-10,2.5,2,1,1.5
117,10-Nov,12:07,330,8.5,8.8,-2.7,1,1,2,1.5
118,10-Nov,12:10,330,8.6,5.2,-4.9,2.5,2,1.8,2.8
119,10-Nov,12:13,330,9.2,5.8,-6.9,3.5,2,1.5,2
120,10-Nov,12:16,330,9.2,9,-10,1,1,0.5,1
121,10-Nov,11:43,360,8.3,9,-5.3,3.3,2.3,1.1,1.2
122,10-Nov,11:50,360,11.5,12.2,-8.1,2.4,1.9,0.9,1.4
123,10-Nov,11:54,360,10,10.8,-9.5,3.7,3,0.8,2
124,10-Nov,11:58,360,10.6,10.2,-4.6,4.2,2,1.5,1.1
125,10-Nov,12:01,360,9,10,1,2.5,1.9,2.3,1.4
126,10-Nov,12:04,360,8.8,10,-6.2,3.3,2.7,0.8,1.6
127,10-Nov,12:07,360,11,11.3,0.8,3.2,2.6,1.4,2.1
128,10-Nov,12:10,360,10.4,11.5,-2.5,2.8,1.6,1.4,2.1
129,10-Nov,12:13,360,11.1,11.5,-4.1,4.1,2.4,1.3,1.2
130,10-Nov,12:16,360,11.7,12.2,-2.7,2.1,2.3,1.2,1.2
131,10-Nov,11:43,390,7.5,7.5,-10,2.4,3.2,1.9,1.6
132,10-Nov,11:50,390,8.5,8.1,-11,1.9,2.5,1.9,1.2
133,10-Nov,11:54,390,9.2,8.1,-10,3.7,2.3,2.1,1.2
134,10-Nov,11:58,390,8.6,8.1,-8.8,0.9,1.9,1.1,1.5
135,10-Nov,12:01,390,8.8,8.8,-9.8,0.6,1.6,1,1
136,10-Nov,12:04,390,9,8.8,-3,0.6,1,0,1.1
137,10-Nov,12:07,390,9.6,8.8,-2,1.4,1.6,0,0.5
138,10-Nov,12:10,390,9,9,-5.5,2.1,2.7,1.7,1.7
139,10-Nov,12:13,390,9.4,9.2,-7.9,1.1,1.8,1.2,1
140,10-Nov,12:16,390,9.4,9,-7.4,1.2,2,1.3,1.6
141,10-Nov,11:43,420,8.6,8.6,-6.9,1,2,0,2.1
142,10-Nov,11:50,420,9.2,9.6,-11,1.3,2,0.7,0.8
143,10-Nov,11:54,420,10.5,10.2,-11,2,2,0.8,1.1
144,10-Nov,11:58,420,9.6,9.6,-5.9,2,2,0.9,1.9
145,10-Nov,12:01,420,11,11,1,2,3,1.4,2
146,10-Nov,12:04,420,9.4,9.6,-7.4,2,0.9,0.9,0
147,10-Nov,12:07,420,10.6,11,-1.3,2.5,2,1.3,2
148,10-Nov,12:10,420,9.8,9.4,-4.4,2.5,2.5,0.9,1.7
149,10-Nov,12:13,420,10.2,10.2,-6.9,2.4,1.3,1.6,0.9
150,10-Nov,12:16,420,11,10.6,-7,2.3,1.6,1,1
151,10-Nov,11:43,450,8.5,8.8,-7.1,2.3,2.4,1.1,0
152,10-Nov,11:50,450,10.6,11.3,-6.9,2,1.9,1,0.7
153,10-Nov,11:54,450,10,10.8,-9.9,1.9,1.5,0,1.1
154,10-Nov,11:58,450,10.6,10.6,-6.9,2,1.8,1.3,0
155,10-Nov,12:01,450,10.6,10.6,-5.5,1.8,0,1.1,0.9
156,10-Nov,12:04,450,9.8,10,-9.2,2,2.2,1,0.9
157,10-Nov,12:07,450,9.8,10,-2,2,0.8,0,0
158,10-Nov,12:10,450,11.7,11.8,-1.8,1.6,1.5,0.5,1.1
159,10-Nov,12:13,450,10.2,10.2,-5.1,1.4,1.2,1,1
160,10-Nov,12:16,450,10.4,10.2,-8.3,1,0,1,0
161,10-Nov,11:43,480,10,9.6,-12,1.8,1.3,1.3,0.8
162,10-Nov,11:50,480,10.2,10,-11,0.7,1.9,1.3,1.5
163,10-Nov,11:54,480,13.8,12.6,-4.8,1.9,2.7,1.1,1.7
164,10-Nov,11:58,480,10.4,9.8,-5.1,1.8,2.2,1.3,1.9
165,10-Nov,12:01,480,10,9.8,-1.6,0.8,2,0,1.3
166,10-Nov,12:04,480,10,9.8,-7.8,1.1,2.1,0,0
167,10-Nov,12:07,480,10.8,10,-2.6,2,3.9,1.4,2.1
168,10-Nov,12:10,480,9.6,9.2,-5.7,1.3,1.9,0,1.2
169,10-Nov,12:13,480,10.4,10,-7.4,2,2.5,0,0.7
170,10-Nov,12:16,480,10,9.8,-6,0.7,1.7,0.8,0